{"files": [{"path": "python/Pythonxinshoujiaocheng/0002-Pythonjichu/0001-shujuleixinghebianliang.md", "rname": "0001-\u6570\u636e\u7c7b\u578b\u548c\u53d8\u91cf.md", "mtime": 1424870731.0, "mode": "file", "name": "0001-shujuleixinghebianliang.md"}, {"path": "python/Pythonxinshoujiaocheng/0002-Pythonjichu/0002-zifuchuanhebianma.md", "rname": "0002-\u5b57\u7b26\u4e32\u548c\u7f16\u7801.md", "mtime": 1424870679.0, "mode": "file", "name": "0002-zifuchuanhebianma.md"}, {"path": "python/Pythonxinshoujiaocheng/0002-Pythonjichu/0003-shiyonglisthetuple.md", "rname": "0003-\u4f7f\u7528list\u548ctuple.md", "mtime": 1424871223.0, "mode": "file", "name": "0003-shiyonglisthetuple.md"}, {"path": "python/Pythonxinshoujiaocheng/0002-Pythonjichu/0004-tiaojianpanduanhexunhuan.md", "rname": "0004-\u6761\u4ef6\u5224\u65ad\u548c\u5faa\u73af.md", "mtime": 1424871745.0, "mode": "file", "name": "0004-tiaojianpanduanhexunhuan.md"}, {"path": "python/Pythonxinshoujiaocheng/0002-Pythonjichu/0005-shiyongdictheset.md", "rname": "0005-\u4f7f\u7528dict\u548cset.md", "mtime": 1424872357.0, "mode": "file", "name": "0005-shiyongdictheset.md"}], "rname": "0002-Python\u57fa\u7840", "name": "0002-Pythonjichu", "mode": "tree", "mtime": 1424868011.0, "path": "python/Pythonxinshoujiaocheng/0002-Pythonjichu"}