{"files": [{"path": "python/Pythonxinshoujiaocheng/0013-changyongneijianmokuai/0001-collections.md", "rname": "0001-collections.md", "mtime": 1425872312.0, "mode": "file", "name": "0001-collections.md"}, {"path": "python/Pythonxinshoujiaocheng/0013-changyongneijianmokuai/0002-base64.md", "rname": "0002-base64.md", "mtime": 1425872982.0, "mode": "file", "name": "0002-base64.md"}, {"path": "python/Pythonxinshoujiaocheng/0013-changyongneijianmokuai/0003-struct.md", "rname": "0003-struct.md", "mtime": 1425873401.0, "mode": "file", "name": "0003-struct.md"}, {"path": "python/Pythonxinshoujiaocheng/0013-changyongneijianmokuai/0004-hashlib.md", "rname": "0004-hashlib.md", "mtime": 1425873722.0, "mode": "file", "name": "0004-hashlib.md"}, {"path": "python/Pythonxinshoujiaocheng/0013-changyongneijianmokuai/0005-itertools.md", "rname": "0005-itertools.md", "mtime": 1425874294.0, "mode": "file", "name": "0005-itertools.md"}, {"path": "python/Pythonxinshoujiaocheng/0013-changyongneijianmokuai/0006-XML.md", "rname": "0006-XML.md", "mtime": 1425874624.0, "mode": "file", "name": "0006-XML.md"}, {"path": "python/Pythonxinshoujiaocheng/0013-changyongneijianmokuai/0007-HTMLParser.md", "rname": "0007-HTMLParser.md", "mtime": 1425874862.0, "mode": "file", "name": "0007-HTMLParser.md"}], "rname": "0013-\u5e38\u7528\u5185\u5efa\u6a21\u5757", "name": "0013-changyongneijianmokuai", "mode": "tree", "mtime": 1425874727.0, "path": "python/Pythonxinshoujiaocheng/0013-changyongneijianmokuai"}