{"files": [{"path": "python/Pythonxinshoujiaocheng/0018-fangwenshujuku/0001-fangwenshujuku.md", "rname": "0001-\u8bbf\u95ee\u6570\u636e\u5e93.md", "mtime": 1426149571.0, "mode": "file", "name": "0001-fangwenshujuku.md"}, {"path": "python/Pythonxinshoujiaocheng/0018-fangwenshujuku/0002-shiyongSQLite.md", "rname": "0002-\u4f7f\u7528SQLite.md", "mtime": 1426150476.0, "mode": "file", "name": "0002-shiyongSQLite.md"}, {"path": "python/Pythonxinshoujiaocheng/0018-fangwenshujuku/0003-shiyongMySQL.md", "rname": "0003-\u4f7f\u7528MySQL.md", "mtime": 1426150770.0, "mode": "file", "name": "0003-shiyongMySQL.md"}, {"path": "python/Pythonxinshoujiaocheng/0018-fangwenshujuku/0004-shiyongSQLAlchemy.md", "rname": "0004-\u4f7f\u7528SQLAlchemy.md", "mtime": 1426151021.0, "mode": "file", "name": "0004-shiyongSQLAlchemy.md"}], "rname": "0018-\u8bbf\u95ee\u6570\u636e\u5e93", "name": "0018-fangwenshujuku", "mode": "tree", "mtime": 1426150812.0, "path": "python/Pythonxinshoujiaocheng/0018-fangwenshujuku"}