{"files": [{"path": "python/Pythonxinshoujiaocheng/0009-cuowu,tiaoshiheceshi/0001-cuowuchuli.md", "rname": "0001-\u9519\u8bef\u5904\u7406.md", "mtime": 1425630543.0, "mode": "file", "name": "0001-cuowuchuli.md"}, {"path": "python/Pythonxinshoujiaocheng/0009-cuowu,tiaoshiheceshi/0002-tiaoshi.md", "rname": "0002-\u8c03\u8bd5.md", "mtime": 1425632725.0, "mode": "file", "name": "0002-tiaoshi.md"}, {"path": "python/Pythonxinshoujiaocheng/0009-cuowu,tiaoshiheceshi/0003-danyuanceshi.md", "rname": "0003-\u5355\u5143\u6d4b\u8bd5.md", "mtime": 1425633333.0, "mode": "file", "name": "0003-danyuanceshi.md"}, {"path": "python/Pythonxinshoujiaocheng/0009-cuowu,tiaoshiheceshi/0004-wendangceshi.md", "rname": "0004-\u6587\u6863\u6d4b\u8bd5.md", "mtime": 1425633650.0, "mode": "file", "name": "0004-wendangceshi.md"}], "rname": "0009-\u9519\u8bef,\u8c03\u8bd5\u548c\u6d4b\u8bd5", "name": "0009-cuowu,tiaoshiheceshi", "mode": "tree", "mtime": 1425633371.0, "path": "python/Pythonxinshoujiaocheng/0009-cuowu,tiaoshiheceshi"}