{"files": [{"path": "python/Pythonxinshoujiaocheng/0005-hanshushibiancheng/0001-gaojihanshu-map reduce.md", "rname": "0001-\u9ad8\u7ea7\u51fd\u6570-map reduce.md", "mtime": 1425124412.0, "mode": "file", "name": "0001-gaojihanshu-map reduce.md"}, {"path": "python/Pythonxinshoujiaocheng/0005-hanshushibiancheng/0002-gaojihanshu-filter.md", "rname": "0002-\u9ad8\u7ea7\u51fd\u6570-filter.md", "mtime": 1425124535.0, "mode": "file", "name": "0002-gaojihanshu-filter.md"}, {"path": "python/Pythonxinshoujiaocheng/0005-hanshushibiancheng/0003-gaojihanshu-sorted.md", "rname": "0003-\u9ad8\u7ea7\u51fd\u6570-sorted.md", "mtime": 1425124788.0, "mode": "file", "name": "0003-gaojihanshu-sorted.md"}, {"path": "python/Pythonxinshoujiaocheng/0005-hanshushibiancheng/0004-fanhuihanshu.md", "rname": "0004-\u8fd4\u56de\u51fd\u6570.md", "mtime": 1425125223.0, "mode": "file", "name": "0004-fanhuihanshu.md"}, {"path": "python/Pythonxinshoujiaocheng/0005-hanshushibiancheng/0005-niminghanshu.md", "rname": "0005-\u533f\u540d\u51fd\u6570.md", "mtime": 1425125453.0, "mode": "file", "name": "0005-niminghanshu.md"}, {"path": "python/Pythonxinshoujiaocheng/0005-hanshushibiancheng/0006-zhuangshiqi.md", "rname": "0006-\u88c5\u9970\u5668.md", "mtime": 1425126002.0, "mode": "file", "name": "0006-zhuangshiqi.md"}, {"path": "python/Pythonxinshoujiaocheng/0005-hanshushibiancheng/0007-pianhanshu.md", "rname": "0007-\u504f\u51fd\u6570.md", "mtime": 1425126308.0, "mode": "file", "name": "0007-pianhanshu.md"}], "rname": "0005-\u51fd\u6570\u5f0f\u7f16\u7a0b", "name": "0005-hanshushibiancheng", "mode": "tree", "mtime": 1425126023.0, "path": "python/Pythonxinshoujiaocheng/0005-hanshushibiancheng"}