{"files": [{"path": "python/Pythonxinshoujiaocheng/0016-wangluobiancheng/0001-wangluobiancheng.md", "rname": "0001-\u7f51\u7edc\u7f16\u7a0b.md", "mtime": 1425955778.0, "mode": "file", "name": "0001-wangluobiancheng.md"}, {"path": "python/Pythonxinshoujiaocheng/0016-wangluobiancheng/0002-TCP IPjianjie.md", "rname": "0002-TCP IP\u7b80\u4ecb.md", "mtime": 1425956160.0, "mode": "file", "name": "0002-TCP IPjianjie.md"}, {"path": "python/Pythonxinshoujiaocheng/0016-wangluobiancheng/0003-TCPbiancheng.md", "rname": "0003-TCP\u7f16\u7a0b.md", "mtime": 1425956574.0, "mode": "file", "name": "0003-TCPbiancheng.md"}, {"path": "python/Pythonxinshoujiaocheng/0016-wangluobiancheng/0004-UDPbiancheng.md", "rname": "0004-UDP\u7f16\u7a0b.md", "mtime": 1425956742.0, "mode": "file", "name": "0004-UDPbiancheng.md"}], "rname": "0016-\u7f51\u7edc\u7f16\u7a0b", "name": "0016-wangluobiancheng", "mode": "tree", "mtime": 1425956605.0, "path": "python/Pythonxinshoujiaocheng/0016-wangluobiancheng"}