{"files": [{"path": "python/Pythonxinshoujiaocheng/0017-dianziyoujian/0001-dianziyoujian.md", "rname": "0001-\u7535\u5b50\u90ae\u4ef6.md", "mtime": 1426047477.0, "mode": "file", "name": "0001-dianziyoujian.md"}, {"path": "python/Pythonxinshoujiaocheng/0017-dianziyoujian/0002-SMTPfasongyoujian.md", "rname": "0002-SMTP\u53d1\u9001\u90ae\u4ef6.md", "mtime": 1426056909.0, "mode": "file", "name": "0002-SMTPfasongyoujian.md"}, {"path": "python/Pythonxinshoujiaocheng/0017-dianziyoujian/0003-POP3shouquyoujian.md", "rname": "0003-POP3\u6536\u53d6\u90ae\u4ef6.md", "mtime": 1426058269.0, "mode": "file", "name": "0003-POP3shouquyoujian.md"}], "rname": "0017-\u7535\u5b50\u90ae\u4ef6", "name": "0017-dianziyoujian", "mode": "tree", "mtime": 1426057015.0, "path": "python/Pythonxinshoujiaocheng/0017-dianziyoujian"}