{"files": [{"path": "python/Pythonxinshoujiaocheng/0004-gaojitexing/0001-qiepian.md", "rname": "0001-\u5207\u7247.md", "mtime": 1425024127.0, "mode": "file", "name": "0001-qiepian.md"}, {"path": "python/Pythonxinshoujiaocheng/0004-gaojitexing/0002-diedai.md", "rname": "0002-\u8fed\u4ee3.md", "mtime": 1425024400.0, "mode": "file", "name": "0002-diedai.md"}, {"path": "python/Pythonxinshoujiaocheng/0004-gaojitexing/0003-liebiaoshengchengshi.md", "rname": "0003-\u5217\u8868\u751f\u6210\u5f0f.md", "mtime": 1425024590.0, "mode": "file", "name": "0003-liebiaoshengchengshi.md"}, {"path": "python/Pythonxinshoujiaocheng/0004-gaojitexing/0004-shengchengqi.md", "rname": "0004-\u751f\u6210\u5668.md", "mtime": 1425024936.0, "mode": "file", "name": "0004-shengchengqi.md"}], "rname": "0004-\u9ad8\u7ea7\u7279\u6027", "name": "0004-gaojitexing", "mode": "tree", "mtime": 1425024935.0, "path": "python/Pythonxinshoujiaocheng/0004-gaojitexing"}