{"files": [{"path": "python/Pythonxinshoujiaocheng/0006-mokuai/0001-mokuai.md", "rname": "0001-\u6a21\u5757.md", "mtime": 1425309682.0, "mode": "file", "name": "0001-mokuai.md"}, {"path": "python/Pythonxinshoujiaocheng/0006-mokuai/0002-shiyongmokuai.md", "rname": "0002-\u4f7f\u7528\u6a21\u5757.md", "mtime": 1425310223.0, "mode": "file", "name": "0002-shiyongmokuai.md"}, {"path": "python/Pythonxinshoujiaocheng/0006-mokuai/0003-anzhuangdisanfangmokuai.md", "rname": "0003-\u5b89\u88c5\u7b2c\u4e09\u65b9\u6a21\u5757.md", "mtime": 1425310489.0, "mode": "file", "name": "0003-anzhuangdisanfangmokuai.md"}, {"path": "python/Pythonxinshoujiaocheng/0006-mokuai/0004-shiyong__future__.md", "rname": "0004-\u4f7f\u7528__future__.md", "mtime": 1425310774.0, "mode": "file", "name": "0004-shiyong__future__.md"}], "rname": "0006-\u6a21\u5757", "name": "0006-mokuai", "mode": "tree", "mtime": 1425310582.0, "path": "python/Pythonxinshoujiaocheng/0006-mokuai"}