{"files": [{"path": "python/Pythonxinshoujiaocheng/0007-mianxiangduixiangbiancheng/0001-mianxiangduixiangbiancheng.md", "rname": "0001-\u9762\u5411\u5bf9\u8c61\u7f16\u7a0b.md", "mtime": 1425367392.0, "mode": "file", "name": "0001-mianxiangduixiangbiancheng.md"}, {"path": "python/Pythonxinshoujiaocheng/0007-mianxiangduixiangbiancheng/0002-leiheshili.md", "rname": "0002-\u7c7b\u548c\u5b9e\u4f8b.md", "mtime": 1425367887.0, "mode": "file", "name": "0002-leiheshili.md"}, {"path": "python/Pythonxinshoujiaocheng/0007-mianxiangduixiangbiancheng/0003-fangwenxianzhi.md", "rname": "0003-\u8bbf\u95ee\u9650\u5236.md", "mtime": 1425368123.0, "mode": "file", "name": "0003-fangwenxianzhi.md"}, {"path": "python/Pythonxinshoujiaocheng/0007-mianxiangduixiangbiancheng/0004-jichengheduotai.md", "rname": "0004-\u7ee7\u627f\u548c\u591a\u6001.md", "mtime": 1425369720.0, "mode": "file", "name": "0004-jichengheduotai.md"}, {"path": "python/Pythonxinshoujiaocheng/0007-mianxiangduixiangbiancheng/0005-huoquduixiangxinxi.md", "rname": "0005-\u83b7\u53d6\u5bf9\u8c61\u4fe1\u606f.md", "mtime": 1425370128.0, "mode": "file", "name": "0005-huoquduixiangxinxi.md"}], "rname": "0007-\u9762\u5411\u5bf9\u8c61\u7f16\u7a0b", "name": "0007-mianxiangduixiangbiancheng", "mode": "tree", "mtime": 1425369754.0, "path": "python/Pythonxinshoujiaocheng/0007-mianxiangduixiangbiancheng"}