{"files": [{"path": "python/Pythonxinshoujiaocheng/0010-IObiancheng/0001-IObiancheng.md", "rname": "0001-IO\u7f16\u7a0b.md", "mtime": 1425717859.0, "mode": "file", "name": "0001-IObiancheng.md"}, {"path": "python/Pythonxinshoujiaocheng/0010-IObiancheng/0002-wenjianduxie.md", "rname": "0002-\u6587\u4ef6\u8bfb\u5199.md", "mtime": 1425718804.0, "mode": "file", "name": "0002-wenjianduxie.md"}, {"path": "python/Pythonxinshoujiaocheng/0010-IObiancheng/0003-caozuowenjianhemulu.md", "rname": "0003-\u64cd\u4f5c\u6587\u4ef6\u548c\u76ee\u5f55.md", "mtime": 1425719189.0, "mode": "file", "name": "0003-caozuowenjianhemulu.md"}, {"path": "python/Pythonxinshoujiaocheng/0010-IObiancheng/0004-xuliehua.md", "rname": "0004-\u5e8f\u5217\u5316.md", "mtime": 1425719690.0, "mode": "file", "name": "0004-xuliehua.md"}], "rname": "0010-IO\u7f16\u7a0b", "name": "0010-IObiancheng", "mode": "tree", "mtime": 1425719255.0, "path": "python/Pythonxinshoujiaocheng/0010-IObiancheng"}