{"files": [{"path": "python/Pythonxinshoujiaocheng/0008-mianxiangduixianggaojibiancheng/0001-shiyong__slots__.md", "rname": "0001-\u4f7f\u7528__slots__.md", "mtime": 1425622490.0, "mode": "file", "name": "0001-shiyong__slots__.md"}, {"path": "python/Pythonxinshoujiaocheng/0008-mianxiangduixianggaojibiancheng/0002-shiyong@property.md", "rname": "0002-\u4f7f\u7528@property.md", "mtime": 1425622741.0, "mode": "file", "name": "0002-shiyong@property.md"}, {"path": "python/Pythonxinshoujiaocheng/0008-mianxiangduixianggaojibiancheng/0003-duozhongjicheng.md", "rname": "0003-\u591a\u91cd\u7ee7\u627f.md", "mtime": 1425623514.0, "mode": "file", "name": "0003-duozhongjicheng.md"}, {"path": "python/Pythonxinshoujiaocheng/0008-mianxiangduixianggaojibiancheng/0004-dingzhilei.md", "rname": "0004-\u5b9a\u5236\u7c7b.md", "mtime": 1425624086.0, "mode": "file", "name": "0004-dingzhilei.md"}, {"path": "python/Pythonxinshoujiaocheng/0008-mianxiangduixianggaojibiancheng/0005-shiyongyuanlei.md", "rname": "0005-\u4f7f\u7528\u5143\u7c7b.md", "mtime": 1425624668.0, "mode": "file", "name": "0005-shiyongyuanlei.md"}], "rname": "0008-\u9762\u5411\u5bf9\u8c61\u9ad8\u7ea7\u7f16\u7a0b", "name": "0008-mianxiangduixianggaojibiancheng", "mode": "tree", "mtime": 1425624105.0, "path": "python/Pythonxinshoujiaocheng/0008-mianxiangduixianggaojibiancheng"}