{"files": [{"path": "python/Pythonxinshoujiaocheng/0011-jinchenghexiancheng/0001-jinchengyuxiancheng.md", "rname": "0001-\u8fdb\u7a0b\u4e0e\u7ebf\u7a0b.md", "mtime": 1425784252.0, "mode": "file", "name": "0001-jinchengyuxiancheng.md"}, {"path": "python/Pythonxinshoujiaocheng/0011-jinchenghexiancheng/0002-duojincheng.md", "rname": "0002-\u591a\u8fdb\u7a0b.md", "mtime": 1425785358.0, "mode": "file", "name": "0002-duojincheng.md"}, {"path": "python/Pythonxinshoujiaocheng/0011-jinchenghexiancheng/0003-duoxiancheng.md", "rname": "0003-\u591a\u7ebf\u7a0b.md", "mtime": 1425786388.0, "mode": "file", "name": "0003-duoxiancheng.md"}, {"path": "python/Pythonxinshoujiaocheng/0011-jinchenghexiancheng/0004-ThreadLocal.md", "rname": "0004-ThreadLocal.md", "mtime": 1425786714.0, "mode": "file", "name": "0004-ThreadLocal.md"}, {"path": "python/Pythonxinshoujiaocheng/0011-jinchenghexiancheng/0005-jinchengvsxiancheng.md", "rname": "0005-\u8fdb\u7a0bvs\u7ebf\u7a0b.md", "mtime": 1425786905.0, "mode": "file", "name": "0005-jinchengvsxiancheng.md"}, {"path": "python/Pythonxinshoujiaocheng/0011-jinchenghexiancheng/0006-fenbushijincheng.md", "rname": "0006-\u5206\u5e03\u5f0f\u8fdb\u7a0b.md", "mtime": 1425787394.0, "mode": "file", "name": "0006-fenbushijincheng.md"}], "rname": "0011-\u8fdb\u7a0b\u548c\u7ebf\u7a0b", "name": "0011-jinchenghexiancheng", "mode": "tree", "mtime": 1425786920.0, "path": "python/Pythonxinshoujiaocheng/0011-jinchenghexiancheng"}