{"files": [{"path": "python/Pythonxinshoujiaocheng/0001-xuexiqianzou/0001-guanyujiaocheng.md", "rname": "0001-\u5173\u4e8e\u6559\u7a0b.md", "mtime": 1424767338.0, "mode": "file", "name": "0001-guanyujiaocheng.md"}, {"path": "python/Pythonxinshoujiaocheng/0001-xuexiqianzou/0002-Pythonjianjie.md", "rname": "0002-Python\u7b80\u4ecb.md", "mtime": 1424768344.0, "mode": "file", "name": "0002-Pythonjianjie.md"}, {"path": "python/Pythonxinshoujiaocheng/0001-xuexiqianzou/0003-anzhuangPython.md", "rname": "0003-\u5b89\u88c5Python.md", "mtime": 1424770904.0, "mode": "file", "name": "0003-anzhuangPython.md"}, {"path": "python/Pythonxinshoujiaocheng/0001-xuexiqianzou/0004-Pythonjieshiqi.md", "rname": "0004-Python\u89e3\u91ca\u5668.md", "mtime": 1424769086.0, "mode": "file", "name": "0004-Pythonjieshiqi.md"}, {"path": "python/Pythonxinshoujiaocheng/0001-xuexiqianzou/0005-diyigePythonchengxu:shiyongwenbenbianjiqi.md", "rname": "0005-\u7b2c\u4e00\u4e2aPython\u7a0b\u5e8f:\u4f7f\u7528\u6587\u672c\u7f16\u8f91\u5668.md", "mtime": 1424769762.0, "mode": "file", "name": "0005-diyigePythonchengxu:shiyongwenbenbianjiqi.md"}, {"path": "python/Pythonxinshoujiaocheng/0001-xuexiqianzou/0006-diyigePythonchengxu:shuruheshuchu.md", "rname": "0006-\u7b2c\u4e00\u4e2aPython\u7a0b\u5e8f:\u8f93\u5165\u548c\u8f93\u51fa.md", "mtime": 1424770271.0, "mode": "file", "name": "0006-diyigePythonchengxu:shuruheshuchu.md"}], "rname": "0001-\u5b66\u4e60\u524d\u594f", "name": "0001-xuexiqianzou", "mode": "tree", "mtime": 1425197460.0, "path": "python/Pythonxinshoujiaocheng/0001-xuexiqianzou"}