{"files": [{"path": "python/Pythonxinshoujiaocheng/0019-Webkaifa/0001-Webkaifa.md", "rname": "0001-Web\u5f00\u53d1.md", "mtime": 1426338097.0, "mode": "file", "name": "0001-Webkaifa.md"}, {"path": "python/Pythonxinshoujiaocheng/0019-Webkaifa/0002-HTTPxieyijianjie.md", "rname": "0002-HTTP\u534f\u8bae\u7b80\u4ecb.md", "mtime": 1426342147.0, "mode": "file", "name": "0002-HTTPxieyijianjie.md"}, {"path": "python/Pythonxinshoujiaocheng/0019-Webkaifa/0003-HTMLjianjie.md", "rname": "0003-HTML\u7b80\u4ecb.md", "mtime": 1426342273.0, "mode": "file", "name": "0003-HTMLjianjie.md"}, {"path": "python/Pythonxinshoujiaocheng/0019-Webkaifa/0004-WSGIjiekou.md", "rname": "0004-WSGI\u63a5\u53e3.md", "mtime": 1426343643.0, "mode": "file", "name": "0004-WSGIjiekou.md"}, {"path": "python/Pythonxinshoujiaocheng/0019-Webkaifa/0005-shiyongWebkuangjia.md", "rname": "0005-\u4f7f\u7528Web\u6846\u67b6.md", "mtime": 1426344111.0, "mode": "file", "name": "0005-shiyongWebkuangjia.md"}, {"path": "python/Pythonxinshoujiaocheng/0019-Webkaifa/0006-shiyongmoban.md", "rname": "0006-\u4f7f\u7528\u6a21\u677f.md", "mtime": 1426344662.0, "mode": "file", "name": "0006-shiyongmoban.md"}], "rname": "0019-Web\u5f00\u53d1", "name": "0019-Webkaifa", "mode": "tree", "mtime": 1426344128.0, "path": "python/Pythonxinshoujiaocheng/0019-Webkaifa"}