{"files": [{"path": "python/Pythonxinshoujiaocheng/0014-changyongdisanfangmokuai/0001-changyongdisanfangmokuai.md", "rname": "0001-\u5e38\u7528\u7b2c\u4e09\u65b9\u6a21\u5757.md", "mtime": 1425954638.0, "mode": "file", "name": "0001-changyongdisanfangmokuai.md"}, {"path": "python/Pythonxinshoujiaocheng/0014-changyongdisanfangmokuai/0002-PIL.md", "rname": "0002-PIL.md", "mtime": 1425955274.0, "mode": "file", "name": "0002-PIL.md"}], "rname": "0014-\u5e38\u7528\u7b2c\u4e09\u65b9\u6a21\u5757", "name": "0014-changyongdisanfangmokuai", "mode": "tree", "mtime": 1425954662.0, "path": "python/Pythonxinshoujiaocheng/0014-changyongdisanfangmokuai"}