{"files": [{"path": "python/Pythonxinshoujiaocheng/0001-xuexiqianzou", "rname": "0001-\u5b66\u4e60\u524d\u594f", "mtime": 1425197460.0, "mode": "tree", "name": "0001-xuexiqianzou"}, {"path": "python/Pythonxinshoujiaocheng/0002-Pythonjichu", "rname": "0002-Python\u57fa\u7840", "mtime": 1424868011.0, "mode": "tree", "name": "0002-Pythonjichu"}, {"path": "python/Pythonxinshoujiaocheng/0003-hanshu", "rname": "0003-\u51fd\u6570", "mtime": 1424938860.0, "mode": "tree", "name": "0003-hanshu"}, {"path": "python/Pythonxinshoujiaocheng/0004-gaojitexing", "rname": "0004-\u9ad8\u7ea7\u7279\u6027", "mtime": 1425024935.0, "mode": "tree", "name": "0004-gaojitexing"}, {"path": "python/Pythonxinshoujiaocheng/0005-hanshushibiancheng", "rname": "0005-\u51fd\u6570\u5f0f\u7f16\u7a0b", "mtime": 1425126023.0, "mode": "tree", "name": "0005-hanshushibiancheng"}, {"path": "python/Pythonxinshoujiaocheng/0006-mokuai", "rname": "0006-\u6a21\u5757", "mtime": 1425310582.0, "mode": "tree", "name": "0006-mokuai"}, {"path": "python/Pythonxinshoujiaocheng/0007-mianxiangduixiangbiancheng", "rname": "0007-\u9762\u5411\u5bf9\u8c61\u7f16\u7a0b", "mtime": 1425369754.0, "mode": "tree", "name": "0007-mianxiangduixiangbiancheng"}, {"path": "python/Pythonxinshoujiaocheng/0008-mianxiangduixianggaojibiancheng", "rname": "0008-\u9762\u5411\u5bf9\u8c61\u9ad8\u7ea7\u7f16\u7a0b", "mtime": 1425624105.0, "mode": "tree", "name": "0008-mianxiangduixianggaojibiancheng"}, {"path": "python/Pythonxinshoujiaocheng/0009-cuowu,tiaoshiheceshi", "rname": "0009-\u9519\u8bef,\u8c03\u8bd5\u548c\u6d4b\u8bd5", "mtime": 1425633371.0, "mode": "tree", "name": "0009-cuowu,tiaoshiheceshi"}, {"path": "python/Pythonxinshoujiaocheng/0010-IObiancheng", "rname": "0010-IO\u7f16\u7a0b", "mtime": 1425719255.0, "mode": "tree", "name": "0010-IObiancheng"}, {"path": "python/Pythonxinshoujiaocheng/0011-jinchenghexiancheng", "rname": "0011-\u8fdb\u7a0b\u548c\u7ebf\u7a0b", "mtime": 1425786920.0, "mode": "tree", "name": "0011-jinchenghexiancheng"}, {"path": "python/Pythonxinshoujiaocheng/0012-zhengzebiaodashi", "rname": "0012-\u6b63\u5219\u8868\u8fbe\u5f0f", "mtime": 1425870602.0, "mode": "tree", "name": "0012-zhengzebiaodashi"}, {"path": "python/Pythonxinshoujiaocheng/0013-changyongneijianmokuai", "rname": "0013-\u5e38\u7528\u5185\u5efa\u6a21\u5757", "mtime": 1425874727.0, "mode": "tree", "name": "0013-changyongneijianmokuai"}], "rname": "Python\u65b0\u624b\u6559\u7a0b", "name": "Pythonxinshoujiaocheng", "mode": "tree", "mtime": 1425871864.0, "path": "python/Pythonxinshoujiaocheng"}