{"files": [{"path": "python/Pythonxinshoujiaocheng/0001-xuexiqianzou", "rname": "0001-\u5b66\u4e60\u524d\u594f", "mtime": 1425197460.0, "mode": "tree", "name": "0001-xuexiqianzou"}, {"path": "python/Pythonxinshoujiaocheng/0002-Pythonjichu", "rname": "0002-Python\u57fa\u7840", "mtime": 1424868011.0, "mode": "tree", "name": "0002-Pythonjichu"}, {"path": "python/Pythonxinshoujiaocheng/0003-hanshu", "rname": "0003-\u51fd\u6570", "mtime": 1424938860.0, "mode": "tree", "name": "0003-hanshu"}, {"path": "python/Pythonxinshoujiaocheng/0004-gaojitexing", "rname": "0004-\u9ad8\u7ea7\u7279\u6027", "mtime": 1425024935.0, "mode": "tree", "name": "0004-gaojitexing"}, {"path": "python/Pythonxinshoujiaocheng/0005-hanshushibiancheng", "rname": "0005-\u51fd\u6570\u5f0f\u7f16\u7a0b", "mtime": 1425126023.0, "mode": "tree", "name": "0005-hanshushibiancheng"}], "rname": "Python\u65b0\u624b\u6559\u7a0b", "name": "Pythonxinshoujiaocheng", "mode": "tree", "mtime": 1425123946.0, "path": "python/Pythonxinshoujiaocheng"}