{"files": [{"path": "python/Pythonxinshoujiaocheng/0003-hanshu/0001-tiaoyonghanshu.md", "rname": "0001-\u8c03\u7528\u51fd\u6570.md", "mtime": 1424937815.0, "mode": "file", "name": "0001-tiaoyonghanshu.md"}, {"path": "python/Pythonxinshoujiaocheng/0003-hanshu/0002-dingyihanshu.md", "rname": "0002-\u5b9a\u4e49\u51fd\u6570.md", "mtime": 1424937977.0, "mode": "file", "name": "0002-dingyihanshu.md"}, {"path": "python/Pythonxinshoujiaocheng/0003-hanshu/0003-hanshudicanshu.md", "rname": "0003-\u51fd\u6570\u7684\u53c2\u6570.md", "mtime": 1424938847.0, "mode": "file", "name": "0003-hanshudicanshu.md"}, {"path": "python/Pythonxinshoujiaocheng/0003-hanshu/0004-diguihanshu.md", "rname": "0004-\u9012\u5f52\u51fd\u6570.md", "mtime": 1424939044.0, "mode": "file", "name": "0004-diguihanshu.md"}], "rname": "0003-\u51fd\u6570", "name": "0003-hanshu", "mode": "tree", "mtime": 1424938860.0, "path": "python/Pythonxinshoujiaocheng/0003-hanshu"}